<?xml version="1.0" encoding="ISO-8859-1"?>
<modeling>
 <generator>
  <i name="program" type="string">vasp</i>
  <i name="version" type="string">4.6.35 </i>
  <i name="subversion" type="string">3Apr08 complex  parallel</i>
  <i name="platform" type="string">LinuxIFC</i>
  <i name="date" type="string">2009 10 15</i>
  <i name="time" type="string">18:03:46</i>
 </generator>
 <incar>
  <i type="string" name="PREC">accurate</i>
  <i type="int" name="IALGO">    38</i>
  <i type="logical" name="ADDGRID"> T  </i>
  <i type="int" name="NELMIN">     5</i>
  <i name="EDIFF">      0.00000001</i>
  <i type="int" name="IBRION">    -1</i>
  <i name="ENCUT">    300.00000000</i>
  <i type="logical" name="LREAL"> F  </i>
  <i type="int" name="ISMEAR">     0</i>
  <i name="SIGMA">      0.05000000</i>
  <i type="logical" name="LWAVE"> F  </i>
  <i type="logical" name="LCHARG"> F  </i>
 </incar>
 <kpoints>
  <generation param="Monkhorst-Pack">
   <v type="int" name="divisions">       4       4       4</v>
   <v name="usershift">      0.50000000       0.50000000       0.50000000 </v>
   <v name="genvec1">      0.25000000       0.00000000       0.00000000 </v>
   <v name="genvec2">      0.00000000       0.25000000       0.00000000 </v>
   <v name="genvec3">      0.00000000       0.00000000       0.25000000 </v>
   <v name="shift">      0.00000000       0.00000000       0.00000000 </v>
  </generation>
  <varray name="kpointlist" >
   <v>       0.00000000       0.00000000       0.00000000 </v>
   <v>       0.25000000       0.00000000       0.00000000 </v>
   <v>       0.50000000       0.00000000       0.00000000 </v>
   <v>       0.00000000       0.25000000       0.00000000 </v>
   <v>       0.25000000       0.25000000       0.00000000 </v>
   <v>       0.50000000       0.25000000       0.00000000 </v>
   <v>      -0.25000000       0.25000000       0.00000000 </v>
   <v>       0.00000000       0.50000000       0.00000000 </v>
   <v>       0.25000000       0.50000000       0.00000000 </v>
   <v>       0.50000000       0.50000000       0.00000000 </v>
   <v>       0.00000000       0.25000000       0.25000000 </v>
   <v>       0.25000000       0.25000000       0.25000000 </v>
   <v>       0.50000000       0.25000000       0.25000000 </v>
   <v>      -0.25000000       0.25000000       0.25000000 </v>
   <v>       0.00000000       0.50000000       0.25000000 </v>
   <v>       0.25000000       0.50000000       0.25000000 </v>
   <v>       0.50000000       0.50000000       0.25000000 </v>
   <v>      -0.25000000       0.50000000       0.25000000 </v>
   <v>       0.00000000      -0.25000000       0.25000000 </v>
   <v>       0.25000000      -0.25000000       0.25000000 </v>
   <v>       0.50000000      -0.25000000       0.25000000 </v>
   <v>       0.00000000       0.50000000       0.50000000 </v>
   <v>       0.25000000       0.50000000       0.50000000 </v>
   <v>       0.50000000       0.50000000       0.50000000 </v>
  </varray>
  <varray name="weights" >
   <v>       0.01562500 </v>
   <v>       0.03125000 </v>
   <v>       0.01562500 </v>
   <v>       0.06250000 </v>
   <v>       0.06250000 </v>
   <v>       0.06250000 </v>
   <v>       0.06250000 </v>
   <v>       0.03125000 </v>
   <v>       0.06250000 </v>
   <v>       0.03125000 </v>
   <v>       0.03125000 </v>
   <v>       0.03125000 </v>
   <v>       0.03125000 </v>
   <v>       0.03125000 </v>
   <v>       0.06250000 </v>
   <v>       0.06250000 </v>
   <v>       0.06250000 </v>
   <v>       0.06250000 </v>
   <v>       0.03125000 </v>
   <v>       0.06250000 </v>
   <v>       0.03125000 </v>
   <v>       0.01562500 </v>
   <v>       0.03125000 </v>
   <v>       0.01562500 </v>
  </varray>
 </kpoints>
 <parameters>
  <separator name="general" >
   <i type="string" name="SYSTEM">unknown system</i>
   <i type="logical" name="LCOMPAT"> F  </i>
  </separator>
  <separator name="electronic" >
   <i type="string" name="PREC">accura</i>
   <i name="ENMAX">    300.00000000</i>
   <i name="ENAUG">    322.06900000</i>
   <i name="EDIFF">      0.00000001</i>
   <i type="int" name="IALGO">    38</i>
   <i type="int" name="IWAVPR">    10</i>
   <i type="int" name="NBANDS">    41</i>
   <i name="NELECT">     64.00000000</i>
   <separator name="electronic smearing" >
    <i type="int" name="ISMEAR">     0</i>
    <i name="SIGMA">      0.05000000</i>
   </separator>
   <separator name="electronic projectors" >
    <i type="logical" name="LREAL"> F  </i>
    <v name="ROPT">      0.00000000</v>
    <i type="int" name="LMAXPAW">  -100</i>
    <i type="int" name="LMAXMIX">     2</i>
   </separator>
   <separator name="electronic startup" >
    <i type="int" name="ISTART">     0</i>
    <i type="int" name="ICHARG">     2</i>
    <i type="int" name="INIWAV">     1</i>
   </separator>
   <separator name="electronic spin" >
    <i type="int" name="ISPIN">     1</i>
    <i type="logical" name="LNONCOLLINEAR"> F  </i>
    <v name="MAGMOM">      1.00000000      1.00000000      1.00000000      1.00000000      1.00000000      1.00000000      1.00000000      1.00000000      1.00000000      1.00000000      1.00000000      1.00000000      1.00000000      1.00000000      1.00000000      1.00000000</v>
    <i name="NUPDOWN">     -1.00000000</i>
    <i type="logical" name="LSORBIT"> F  </i>
    <v name="SAXIS">      0.00000000      0.00000000      1.00000000</v>
    <i type="logical" name="LSPIRAL"> F  </i>
    <v name="QSPIRAL">      0.00000000      0.00000000      0.00000000</v>
    <i type="logical" name="LZEROZ"> F  </i>
   </separator>
   <separator name="electronic exchange-correlation" >
    <i type="string" name="GGA">--</i>
    <i type="int" name="VOSKOWN">     0</i>
    <i type="logical" name="LASPH"> F  </i>
    <i type="logical" name="LMETAGGA"> F  </i>
    <i type="string" name="GGA2">--</i>
   </separator>
   <separator name="electronic convergence" >
    <i type="int" name="NELM">    60</i>
    <i type="int" name="NELMDL">     0</i>
    <i type="int" name="NELMIN">     5</i>
    <i name="ENINI">    300.00000000</i>
    <separator name="electronic convergence detail" >
     <i type="logical" name="LDIAG"> T  </i>
     <i name="WEIMIN">      0.00000000</i>
     <i name="EBREAK">      0.00000000</i>
     <i name="DEPER">      0.30000000</i>
     <i type="int" name="NRMM">     4</i>
     <i name="TIME">      0.10000000</i>
    </separator>
   </separator>
   <separator name="electronic mixer" >
    <i name="AMIX">      0.40000000</i>
    <i name="BMIX">      1.00000000</i>
    <i name="AMIN">      0.10000000</i>
    <i name="AMIX_MAG">      1.60000000</i>
    <i name="BMIX_MAG">      1.00000000</i>
    <separator name="electronic mixer details" >
     <i type="int" name="IMIX">     4</i>
     <i type="int" name="MAXMIX">   -45</i>
     <i name="WC">    100.00000000</i>
     <i type="int" name="INIMIX">     1</i>
     <i type="int" name="MIXPRE">     1</i>
     <i type="int" name="MREMOVE">     5</i>
    </separator>
   </separator>
   <separator name="electronic dipolcorrection" >
    <i type="int" name="IDIPOL">     0</i>
    <i type="logical" name="LDIPOL"> F  </i>
    <v name="DIPOL">   -100.00000000</v>
    <i name="EFIELD">      0.00000000</i>
   </separator>
  </separator>
  <separator name="grids" >
   <i type="int" name="NGX">    48</i>
   <i type="int" name="NGY">    48</i>
   <i type="int" name="NGZ">    48</i>
   <i type="int" name="NGXF">    96</i>
   <i type="int" name="NGYF">    96</i>
   <i type="int" name="NGZF">    96</i>
   <i type="logical" name="ADDGRID"> T  </i>
  </separator>
  <separator name="ionic" >
   <i type="int" name="NSW">     0</i>
   <i type="int" name="IBRION">    -1</i>
   <i type="int" name="ISIF">     2</i>
   <i name="PSTRESS">      0.00000000</i>
   <i name="EDIFFG">      0.00000010</i>
   <i type="int" name="NFREE">     0</i>
   <i name="POTIM">      0.50000000</i>
   <i name="SMASS">     -3.00000000</i>
  </separator>
  <separator name="ionic md" >
   <i name="TEBEG">      0.00010000</i>
   <i name="TEEND">      0.00010000</i>
   <i type="int" name="NBLOCK">     1</i>
   <i type="int" name="KBLOCK">     1</i>
   <i type="int" name="NPACO">   256</i>
   <i name="APACO">     16.00000000</i>
  </separator>
  <separator name="symmetry" >
   <i type="int" name="ISYM">     2</i>
   <i name="SYMPREC">      0.00001000</i>
  </separator>
  <separator name="dos" >
   <i type="logical" name="LORBIT"> T  </i>
   <v name="RWIGS">     -1.00000000</v>
   <i type="int" name="NEDOS">   301</i>
   <i name="EMIN">     10.00000000</i>
   <i name="EMAX">    -10.00000000</i>
  </separator>
  <separator name="writing" >
   <i type="int" name="NWRITE">     2</i>
   <i type="logical" name="LWAVE"> F  </i>
   <i type="logical" name="LCHARG"> F  </i>
   <i type="logical" name="LPARD"> F  </i>
   <i type="logical" name="LVTOT"> F  </i>
   <i type="logical" name="LELF"> F  </i>
   <i type="logical" name="LOPTICS"> F  </i>
   <v name="STM">      0.00000000      0.00000000      0.00000000      0.00000000      0.00000000</v>
  </separator>
  <separator name="performance" >
   <i type="int" name="NPAR">     8</i>
   <i type="int" name="NSIM">     4</i>
   <i type="int" name="NBLK">   256</i>
   <i type="logical" name="LPLANE"> T  </i>
   <i type="logical" name="LCRITICAL_MEM"> F  </i>
   <i type="logical" name="LSCALAPACK"> F  </i>
   <i type="logical" name="LSCALU"> F  </i>
   <i type="logical" name="LASYNC"> F  </i>
  </separator>
  <separator name="miscellaneous" >
   <i type="int" name="IDIOT">     3</i>
   <i type="logical" name="LMUSIC"> F  </i>
   <v name="POMASS">     28.08500000</v>
   <i type="logical" name="LCORR"> T  </i>
  </separator>
  <i type="logical" name="LREAL_COMPAT"> F  </i>
  <i type="logical" name="GGA_COMPAT"> T  </i>
  <i type="logical" name="LBERRY"> F  </i>
  <i type="int" name="ICORELEVEL">     0</i>
  <i type="logical" name="LDAU"> F  </i>
  <i type="int" name="I_CONSTRAINED_M">     0</i>
 </parameters>
 <atominfo>
  <atoms>      16</atoms>
  <types>       1</types>
  <array name="atoms" >
   <dimension dim="1">ion</dimension>
   <field type="string">element</field>
   <field type="int">atomtype</field>
   <set>
    <rc><c>Si</c><c>   1</c></rc>
    <rc><c>Si</c><c>   1</c></rc>
    <rc><c>Si</c><c>   1</c></rc>
    <rc><c>Si</c><c>   1</c></rc>
    <rc><c>Si</c><c>   1</c></rc>
    <rc><c>Si</c><c>   1</c></rc>
    <rc><c>Si</c><c>   1</c></rc>
    <rc><c>Si</c><c>   1</c></rc>
    <rc><c>Si</c><c>   1</c></rc>
    <rc><c>Si</c><c>   1</c></rc>
    <rc><c>Si</c><c>   1</c></rc>
    <rc><c>Si</c><c>   1</c></rc>
    <rc><c>Si</c><c>   1</c></rc>
    <rc><c>Si</c><c>   1</c></rc>
    <rc><c>Si</c><c>   1</c></rc>
    <rc><c>Si</c><c>   1</c></rc>
   </set>
  </array>
  <array name="atomtypes" >
   <dimension dim="1">type</dimension>
   <field type="int">atomspertype</field>
   <field type="string">element</field>
   <field>mass</field>
   <field>valence</field>
   <field type="string">pseudopotential</field>
   <set>
    <rc><c>  16</c><c>Si</c><c>     28.08500000</c><c>      4.00000000</c><c> PAW_PBE Si 05Jan2001                   </c></rc>
   </set>
  </array>
 </atominfo>
 <structure name="initialpos" >
  <crystal>
   <varray name="basis" >
    <v>       0.00000000       5.46619884       5.46619884 </v>
    <v>       5.46619884       0.00000000       5.46619884 </v>
    <v>       5.46619884       5.46619884       0.00000000 </v>
   </varray>
   <i name="volume">    326.65271601</i>
   <varray name="rec_basis" >
    <v>      -0.09147124       0.09147124       0.09147124 </v>
    <v>       0.09147124      -0.09147124       0.09147124 </v>
    <v>       0.09147124       0.09147124      -0.09147124 </v>
   </varray>
  </crystal>
  <varray name="positions" >
   <v>       0.43879360       0.43750000       0.43750000 </v>
   <v>       0.93750000       0.43750000       0.43750000 </v>
   <v>       0.43750000       0.93750000       0.43750000 </v>
   <v>       0.93750000       0.93750000       0.43750000 </v>
   <v>       0.43750000       0.43750000       0.93750000 </v>
   <v>       0.93750000       0.43750000       0.93750000 </v>
   <v>       0.43750000       0.93750000       0.93750000 </v>
   <v>       0.93750000       0.93750000       0.93750000 </v>
   <v>       0.06250000       0.06250000       0.06250000 </v>
   <v>       0.56250000       0.06250000       0.06250000 </v>
   <v>       0.06250000       0.56250000       0.06250000 </v>
   <v>       0.56250000       0.56250000       0.06250000 </v>
   <v>       0.06250000       0.06250000       0.56250000 </v>
   <v>       0.56250000       0.06250000       0.56250000 </v>
   <v>       0.06250000       0.56250000       0.56250000 </v>
   <v>       0.56250000       0.56250000       0.56250000 </v>
  </varray>
 </structure>
 <calculation>
  <scstep>
   <time name="dav">   12.77   12.77</time>
   <time name="total">   13.42   13.42</time>
   <energy>
    <i name="alphaZ">     26.38198811</i>
    <i name="ewald">  -1816.39718702</i>
    <i name="hartreedc">    -90.41929846</i>
    <i name="XCdc">   -149.43830696</i>
    <i name="pawpsdc">    527.64166493</i>
    <i name="pawaedc">   -246.14821426</i>
    <i name="eentropy">     -0.00443986</i>
    <i name="bandstr">    190.67459868</i>
    <i name="atom">   1649.03748697</i>
    <i name="e_fr_energy">     91.32829212</i>
    <i name="e_wo_entrp">     91.33273199</i>
    <i name="e_0_energy">     91.33051206</i>
   </energy>
  </scstep>
  <scstep>
   <time name="dav">   15.03   15.02</time>
   <time name="total">   15.03   15.03</time>
   <energy>
    <i name="e_fr_energy">    -79.41744294</i>
    <i name="e_wo_entrp">    -79.41744294</i>
    <i name="e_0_energy">    -79.41744294</i>
   </energy>
  </scstep>
  <scstep>
   <time name="dav">   15.47   15.47</time>
   <time name="total">   15.47   15.47</time>
   <energy>
    <i name="e_fr_energy">    -87.93136484</i>
    <i name="e_wo_entrp">    -87.93136484</i>
    <i name="e_0_energy">    -87.93136484</i>
   </energy>
  </scstep>
  <scstep>
   <time name="dav">   14.99   14.99</time>
   <time name="total">   15.00   14.99</time>
   <energy>
    <i name="e_fr_energy">    -88.07028319</i>
    <i name="e_wo_entrp">    -88.07028319</i>
    <i name="e_0_energy">    -88.07028319</i>
   </energy>
  </scstep>
  <scstep>
   <time name="dav">   14.77   14.78</time>
   <time name="total">   15.92   15.92</time>
   <energy>
    <i name="e_fr_energy">    -88.07374101</i>
    <i name="e_wo_entrp">    -88.07374101</i>
    <i name="e_0_energy">    -88.07374101</i>
   </energy>
  </scstep>
  <scstep>
   <time name="dav">   14.11   14.10</time>
   <time name="total">   15.94   15.94</time>
   <energy>
    <i name="e_fr_energy">    -87.13954485</i>
    <i name="e_wo_entrp">    -87.13954485</i>
    <i name="e_0_energy">    -87.13954485</i>
   </energy>
  </scstep>
  <scstep>
   <time name="dav">   13.93   13.93</time>
   <time name="total">   15.71   15.71</time>
   <energy>
    <i name="e_fr_energy">    -86.70564419</i>
    <i name="e_wo_entrp">    -86.70564419</i>
    <i name="e_0_energy">    -86.70564419</i>
   </energy>
  </scstep>
  <scstep>
   <time name="dav">   14.33   14.33</time>
   <time name="total">   16.09   16.09</time>
   <energy>
    <i name="e_fr_energy">    -86.71846835</i>
    <i name="e_wo_entrp">    -86.71846835</i>
    <i name="e_0_energy">    -86.71846835</i>
   </energy>
  </scstep>
  <scstep>
   <time name="dav">   14.99   14.99</time>
   <time name="total">   16.77   16.77</time>
   <energy>
    <i name="e_fr_energy">    -86.71910779</i>
    <i name="e_wo_entrp">    -86.71910779</i>
    <i name="e_0_energy">    -86.71910779</i>
   </energy>
  </scstep>
  <scstep>
   <time name="dav">   14.02   14.02</time>
   <time name="total">   15.80   15.80</time>
   <energy>
    <i name="e_fr_energy">    -86.71940310</i>
    <i name="e_wo_entrp">    -86.71940310</i>
    <i name="e_0_energy">    -86.71940310</i>
   </energy>
  </scstep>
  <scstep>
   <time name="dav">   15.11   15.11</time>
   <time name="total">   16.94   16.94</time>
   <energy>
    <i name="e_fr_energy">    -86.71940502</i>
    <i name="e_wo_entrp">    -86.71940502</i>
    <i name="e_0_energy">    -86.71940502</i>
   </energy>
  </scstep>
  <scstep>
   <time name="dav">   14.17   14.17</time>
   <time name="total">   16.05   16.04</time>
   <energy>
    <i name="e_fr_energy">    -86.71940416</i>
    <i name="e_wo_entrp">    -86.71940416</i>
    <i name="e_0_energy">    -86.71940416</i>
   </energy>
  </scstep>
  <scstep>
   <time name="dav">   15.25   15.25</time>
   <time name="total">   17.03   17.03</time>
   <energy>
    <i name="e_fr_energy">    -86.71940399</i>
    <i name="e_wo_entrp">    -86.71940399</i>
    <i name="e_0_energy">    -86.71940399</i>
   </energy>
  </scstep>
  <scstep>
   <time name="dav">   12.04   12.04</time>
   <time name="total">   13.88   13.88</time>
   <energy>
    <i name="e_fr_energy">    -86.71940398</i>
    <i name="e_wo_entrp">    -86.71940398</i>
    <i name="e_0_energy">    -86.71940398</i>
   </energy>
  </scstep>
  <scstep>
   <time name="dav">   10.55   10.56</time>
   <time name="total">   12.37   12.37</time>
   <energy>
    <i name="e_fr_energy">    -86.71940395</i>
    <i name="e_wo_entrp">    -86.71940395</i>
    <i name="e_0_energy">    -86.71940395</i>
   </energy>
  </scstep>
  <scstep>
   <time name="dav">   10.52   10.52</time>
   <time name="total">   12.36   12.37</time>
   <energy>
    <i name="e_fr_energy">    -86.71940396</i>
    <i name="e_wo_entrp">    -86.71940396</i>
    <i name="e_0_energy">    -86.71940396</i>
   </energy>
  </scstep>
  <scstep>
   <time name="dav">   10.62   10.64</time>
   <time name="total">   11.29   11.30</time>
   <energy>
    <i name="alphaZ">     26.38198811</i>
    <i name="ewald">  -1816.39718702</i>
    <i name="hartreedc">   -121.31526795</i>
    <i name="XCdc">   -144.39750050</i>
    <i name="pawpsdc">    590.92054213</i>
    <i name="pawaedc">   -311.10042885</i>
    <i name="eentropy">      0.00000000</i>
    <i name="bandstr">     40.15096314</i>
    <i name="atom">   1649.03748697</i>
    <i name="e_fr_energy">    -86.71940396</i>
    <i name="e_wo_entrp">    -86.71940396</i>
    <i name="e_0_energy">    -86.71940396</i>
   </energy>
  </scstep>
  <structure>
   <crystal>
    <varray name="basis" >
     <v>       0.00000000       5.46619884       5.46619884 </v>
     <v>       5.46619884       0.00000000       5.46619884 </v>
     <v>       5.46619884       5.46619884       0.00000000 </v>
    </varray>
    <i name="volume">    326.65271601</i>
    <varray name="rec_basis" >
     <v>      -0.09147124       0.09147124       0.09147124 </v>
     <v>       0.09147124      -0.09147124       0.09147124 </v>
     <v>       0.09147124       0.09147124      -0.09147124 </v>
    </varray>
   </crystal>
   <varray name="positions" >
    <v>       0.43879360       0.43750000       0.43750000 </v>
    <v>       0.93750000       0.43750000       0.43750000 </v>
    <v>       0.43750000       0.93750000       0.43750000 </v>
    <v>       0.93750000       0.93750000       0.43750000 </v>
    <v>       0.43750000       0.43750000       0.93750000 </v>
    <v>       0.93750000       0.43750000       0.93750000 </v>
    <v>       0.43750000       0.93750000       0.93750000 </v>
    <v>       0.93750000       0.93750000       0.93750000 </v>
    <v>       0.06250000       0.06250000       0.06250000 </v>
    <v>       0.56250000       0.06250000       0.06250000 </v>
    <v>       0.06250000       0.56250000       0.06250000 </v>
    <v>       0.56250000       0.56250000       0.06250000 </v>
    <v>       0.06250000       0.06250000       0.56250000 </v>
    <v>       0.56250000       0.06250000       0.56250000 </v>
    <v>       0.06250000       0.56250000       0.56250000 </v>
    <v>       0.56250000       0.56250000       0.56250000 </v>
   </varray>
  </structure>
  <varray name="forces" >
   <v>      -0.00155558      -0.09414833      -0.09414833 </v>
   <v>       0.00001580       0.00669247       0.00669247 </v>
   <v>       0.00351759      -0.00609095       0.00317150 </v>
   <v>      -0.00353984       0.00315563      -0.00609355 </v>
   <v>       0.00351759       0.00317150      -0.00609095 </v>
   <v>      -0.00353984      -0.00609355       0.00315563 </v>
   <v>      -0.00000847      -0.00036516      -0.00036516 </v>
   <v>       0.00000422       0.00090287       0.00090287 </v>
   <v>       0.00180836       0.00003399       0.00003399 </v>
   <v>      -0.00180899       0.00002875       0.00002875 </v>
   <v>      -0.00000366      -0.00178209      -0.00177270 </v>
   <v>       0.00011616       0.00868779       0.00855298 </v>
   <v>      -0.00000366      -0.00177270      -0.00178209 </v>
   <v>       0.00011616       0.00855298       0.00868779 </v>
   <v>      -0.03021559       0.03900682       0.03900682 </v>
   <v>       0.03157975       0.04001999       0.04001999 </v>
  </varray>
  <varray name="stress" >
   <v>       0.14844165       0.31585952       0.31585952 </v>
   <v>       0.31584284       0.14407726       0.00535712 </v>
   <v>       0.31584284       0.00535712       0.14407726 </v>
  </varray>
  <energy>
   <i name="e_fr_energy">    -86.71940396</i>
   <i name="e_wo_entrp">    -86.71940396</i>
   <i name="e_0_energy">      0.00000000</i>
  </energy>
  <eigenvalues>
   <array>
    <dimension dim="1">band</dimension>
    <dimension dim="2">kpoint</dimension>
    <dimension dim="3">spin</dimension>
    <field>eigene</field>
    <field>occ</field>
    <set>
     <set comment="spin 1">
      <set comment="kpoint 1">
       <r>  -6.1932  1.0000</r>
       <r>  -3.9157  1.0000</r>
       <r>  -3.9105  1.0000</r>
       <r>  -3.9105  1.0000</r>
       <r>  -3.9054  1.0000</r>
       <r>  -2.1281  1.0000</r>
       <r>  -2.1198  1.0000</r>
       <r>  -2.1191  1.0000</r>
       <r>  -2.1191  1.0000</r>
       <r>  -2.1185  1.0000</r>
       <r>  -2.1103  1.0000</r>
       <r>  -1.2488  1.0000</r>
       <r>  -1.2436  1.0000</r>
       <r>  -1.2436  1.0000</r>
       <r>  -1.2382  1.0000</r>
       <r>   2.8302  1.0000</r>
       <r>   2.8333  1.0000</r>
       <r>   2.8338  1.0000</r>
       <r>   2.8338  1.0000</r>
       <r>   2.8342  1.0000</r>
       <r>   2.8374  1.0000</r>
       <r>   4.4424  1.0000</r>
       <r>   4.4501  1.0000</r>
       <r>   4.4521  1.0000</r>
       <r>   4.4521  1.0000</r>
       <r>   4.4537  1.0000</r>
       <r>   4.4537  1.0000</r>
       <r>   4.4558  1.0000</r>
       <r>   4.4633  1.0000</r>
       <r>   5.6265  1.0000</r>
       <r>   5.6324  1.0000</r>
       <r>   5.6385  1.0000</r>
       <r>   6.3784  0.0000</r>
       <r>   6.3813  0.0000</r>
       <r>   6.3845  0.0000</r>
       <r>   6.3845  0.0000</r>
       <r>   6.3877  0.0000</r>
       <r>   6.3906  0.0000</r>
       <r>   7.1054  0.0000</r>
       <r>   7.1068  0.0000</r>
       <r>   7.1068  0.0000</r>
       <r>   7.1082  0.0000</r>
       <r>   8.1877  0.0000</r>
       <r>   8.1912  0.0000</r>
       <r>   8.1948  0.0000</r>
       <r>   8.7808  0.0000</r>
       <r>   8.9813  0.0000</r>
       <r>   8.9843  0.0000</r>
      </set>
      <set comment="kpoint 2">
       <r>  -5.9925  1.0000</r>
       <r>  -4.5322  1.0000</r>
       <r>  -3.8261  1.0000</r>
       <r>  -3.8235  1.0000</r>
       <r>  -3.8192  1.0000</r>
       <r>  -2.9611  1.0000</r>
       <r>  -2.9582  1.0000</r>
       <r>  -2.9546  1.0000</r>
       <r>  -1.1544  1.0000</r>
       <r>  -1.1505  1.0000</r>
       <r>  -1.1483  1.0000</r>
       <r>  -1.0373  1.0000</r>
       <r>  -1.0323  1.0000</r>
       <r>  -1.0314  1.0000</r>
       <r>  -0.2404  1.0000</r>
       <r>   2.2686  1.0000</r>
       <r>   2.2696  1.0000</r>
       <r>   2.2726  1.0000</r>
       <r>   2.9975  1.0000</r>
       <r>   2.9998  1.0000</r>
       <r>   3.0002  1.0000</r>
       <r>   3.3847  1.0000</r>
       <r>   3.3864  1.0000</r>
       <r>   3.3926  1.0000</r>
       <r>   4.0450  1.0000</r>
       <r>   4.0943  1.0000</r>
       <r>   4.0975  1.0000</r>
       <r>   4.0982  1.0000</r>
       <r>   4.5603  1.0000</r>
       <r>   4.5648  1.0000</r>
       <r>   5.3459  1.0000</r>
       <r>   5.3508  1.0000</r>
       <r>   6.5608  0.0000</r>
       <r>   6.5616  0.0000</r>
       <r>   6.5655  0.0000</r>
       <r>   7.2335  0.0000</r>
       <r>   7.6182  0.0000</r>
       <r>   7.6224  0.0000</r>
       <r>   7.6245  0.0000</r>
       <r>   7.7989  0.0000</r>
       <r>   7.8020  0.0000</r>
       <r>   7.8029  0.0000</r>
       <r>   8.0800  0.0000</r>
       <r>   8.6080  0.0000</r>
       <r>   8.6114  0.0000</r>
       <r>   9.0904  0.0000</r>
       <r>   9.1062  0.0000</r>
       <r>   9.1274  0.0000</r>
      </set>
      <set comment="kpoint 3">
       <r>  -5.4108  1.0000</r>
       <r>  -5.4040  1.0000</r>
       <r>  -3.5327  1.0000</r>
       <r>  -3.5263  1.0000</r>
       <r>  -3.5258  1.0000</r>
       <r>  -3.5244  1.0000</r>
       <r>  -3.5239  1.0000</r>
       <r>  -3.5151  1.0000</r>
       <r>  -0.7069  1.0000</r>
       <r>  -0.6978  1.0000</r>
       <r>  -0.6968  1.0000</r>
       <r>  -0.6944  1.0000</r>
       <r>  -0.6943  1.0000</r>
       <r>  -0.6933  1.0000</r>
       <r>   1.7437  1.0000</r>
       <r>   1.7488  1.0000</r>
       <r>   2.1633  1.0000</r>
       <r>   2.1635  1.0000</r>
       <r>   2.1648  1.0000</r>
       <r>   2.1673  1.0000</r>
       <r>   2.1697  1.0000</r>
       <r>   2.1777  1.0000</r>
       <r>   3.4600  1.0000</r>
       <r>   3.4654  1.0000</r>
       <r>   3.4674  1.0000</r>
       <r>   3.4707  1.0000</r>
       <r>   3.4723  1.0000</r>
       <r>   3.4727  1.0000</r>
       <r>   4.8773  1.0000</r>
       <r>   4.8866  1.0000</r>
       <r>   4.8894  1.0000</r>
       <r>   4.8895  1.0000</r>
       <r>   7.1692  0.0000</r>
       <r>   7.1696  0.0000</r>
       <r>   7.1765  0.0000</r>
       <r>   7.1779  0.0000</r>
       <r>   7.1786  0.0000</r>
       <r>   7.1795  0.0000</r>
       <r>   7.5943  0.0000</r>
       <r>   7.6014  0.0000</r>
       <r>   9.1201  0.0000</r>
       <r>   9.1294  0.0000</r>
       <r>   9.1304  0.0000</r>
       <r>   9.1305  0.0000</r>
       <r>  10.0681  0.0000</r>
       <r>  10.0715  0.0000</r>
       <r>  10.0747  0.0000</r>
       <r>  10.0781  0.0000</r>
      </set>
      <set comment="kpoint 4">
       <r>  -5.9924  1.0000</r>
       <r>  -4.5313  1.0000</r>
       <r>  -3.8276  1.0000</r>
       <r>  -3.8235  1.0000</r>
       <r>  -3.8195  1.0000</r>
       <r>  -2.9628  1.0000</r>
       <r>  -2.9583  1.0000</r>
       <r>  -2.9538  1.0000</r>
       <r>  -1.1554  1.0000</r>
       <r>  -1.1502  1.0000</r>
       <r>  -1.1456  1.0000</r>
       <r>  -1.0369  1.0000</r>
       <r>  -1.0322  1.0000</r>
       <r>  -1.0269  1.0000</r>
       <r>  -0.2438  1.0000</r>
       <r>   2.2662  1.0000</r>
       <r>   2.2685  1.0000</r>
       <r>   2.2708  1.0000</r>
       <r>   2.9979  1.0000</r>
       <r>   3.0003  1.0000</r>
       <r>   3.0026  1.0000</r>
       <r>   3.3821  1.0000</r>
       <r>   3.3850  1.0000</r>
       <r>   3.3880  1.0000</r>
       <r>   4.0412  1.0000</r>
       <r>   4.0959  1.0000</r>
       <r>   4.0987  1.0000</r>
       <r>   4.1018  1.0000</r>
       <r>   4.5598  1.0000</r>
       <r>   4.5676  1.0000</r>
       <r>   5.3461  1.0000</r>
       <r>   5.3549  1.0000</r>
       <r>   6.5607  0.0000</r>
       <r>   6.5642  0.0000</r>
       <r>   6.5675  0.0000</r>
       <r>   7.2348  0.0000</r>
       <r>   7.6164  0.0000</r>
       <r>   7.6205  0.0000</r>
       <r>   7.6245  0.0000</r>
       <r>   7.7984  0.0000</r>
       <r>   7.8019  0.0000</r>
       <r>   7.8054  0.0000</r>
       <r>   8.0821  0.0000</r>
       <r>   8.6062  0.0000</r>
       <r>   8.6121  0.0000</r>
       <r>   9.0887  0.0000</r>
       <r>   9.0974  0.0000</r>
       <r>   9.1285  0.0000</r>
      </set>
      <set comment="kpoint 5">
       <r>  -5.9248  1.0000</r>
       <r>  -4.0668  1.0000</r>
       <r>  -4.0618  1.0000</r>
       <r>  -4.0611  1.0000</r>
       <r>  -4.0563  1.0000</r>
       <r>  -3.8388  1.0000</r>
       <r>  -2.0505  1.0000</r>
       <r>  -2.0452  1.0000</r>
       <r>  -2.0451  1.0000</r>
       <r>  -2.0399  1.0000</r>
       <r>  -0.6758  1.0000</r>
       <r>  -0.6707  1.0000</r>
       <r>  -0.6700  1.0000</r>
       <r>  -0.6649  1.0000</r>
       <r>  -0.0824  1.0000</r>
       <r>   2.2853  1.0000</r>
       <r>   2.2868  1.0000</r>
       <r>   2.2881  1.0000</r>
       <r>   2.2897  1.0000</r>
       <r>   3.0740  1.0000</r>
       <r>   3.0772  1.0000</r>
       <r>   3.2044  1.0000</r>
       <r>   3.2083  1.0000</r>
       <r>   3.2095  1.0000</r>
       <r>   3.2134  1.0000</r>
       <r>   4.2816  1.0000</r>
       <r>   4.3821  1.0000</r>
       <r>   4.3879  1.0000</r>
       <r>   4.3890  1.0000</r>
       <r>   4.3949  1.0000</r>
       <r>   4.8422  1.0000</r>
       <r>   4.8477  1.0000</r>
       <r>   6.2832  0.0000</r>
       <r>   7.2088  0.0000</r>
       <r>   7.6162  0.0000</r>
       <r>   7.6202  0.0000</r>
       <r>   7.6213  0.0000</r>
       <r>   7.6254  0.0000</r>
       <r>   7.6502  0.0000</r>
       <r>   7.9484  0.0000</r>
       <r>   7.9512  0.0000</r>
       <r>   7.9524  0.0000</r>
       <r>   7.9553  0.0000</r>
       <r>   9.2430  0.0000</r>
       <r>   9.2442  0.0000</r>
       <r>   9.2495  0.0000</r>
       <r>   9.2506  0.0000</r>
       <r>   9.3097  0.0000</r>
      </set>
      <set comment="kpoint 6">
       <r>  -5.4641  1.0000</r>
       <r>  -4.9652  1.0000</r>
       <r>  -4.4316  1.0000</r>
       <r>  -4.0173  1.0000</r>
       <r>  -4.0125  1.0000</r>
       <r>  -3.3282  1.0000</r>
       <r>  -2.7919  1.0000</r>
       <r>  -2.7870  1.0000</r>
       <r>  -1.2512  1.0000</r>
       <r>  -1.2470  1.0000</r>
       <r>  -0.9450  1.0000</r>
       <r>  -0.1644  1.0000</r>
       <r>  -0.1595  1.0000</r>
       <r>   0.7141  1.0000</r>
       <r>   1.0513  1.0000</r>
       <r>   1.6582  1.0000</r>
       <r>   1.6606  1.0000</r>
       <r>   1.7184  1.0000</r>
       <r>   2.3710  1.0000</r>
       <r>   2.3738  1.0000</r>
       <r>   2.4284  1.0000</r>
       <r>   2.7332  1.0000</r>
       <r>   2.7360  1.0000</r>
       <r>   3.0173  1.0000</r>
       <r>   3.3622  1.0000</r>
       <r>   3.4654  1.0000</r>
       <r>   3.7409  1.0000</r>
       <r>   3.7464  1.0000</r>
       <r>   3.7792  1.0000</r>
       <r>   4.3397  1.0000</r>
       <r>   4.4059  1.0000</r>
       <r>   4.8681  1.0000</r>
       <r>   7.0036  0.0000</r>
       <r>   7.4892  0.0000</r>
       <r>   7.7801  0.0000</r>
       <r>   8.0280  0.0000</r>
       <r>   8.0323  0.0000</r>
       <r>   8.2944  0.0000</r>
       <r>   8.4991  0.0000</r>
       <r>   8.5030  0.0000</r>
       <r>   8.5408  0.0000</r>
       <r>   9.1688  0.0000</r>
       <r>   9.1739  0.0000</r>
       <r>   9.2657  0.0000</r>
       <r>   9.3004  0.0000</r>
       <r>   9.4731  0.0000</r>
       <r>   9.9083  0.0000</r>
       <r>   9.9125  0.0000</r>
      </set>
      <set comment="kpoint 7">
       <r>  -5.6620  1.0000</r>
       <r>  -4.6675  1.0000</r>
       <r>  -4.6616  1.0000</r>
       <r>  -3.6470  1.0000</r>
       <r>  -3.6423  1.0000</r>
       <r>  -3.3817  1.0000</r>
       <r>  -3.3766  1.0000</r>
       <r>  -2.5361  1.0000</r>
       <r>  -1.5334  1.0000</r>
       <r>  -1.0854  1.0000</r>
       <r>  -1.0803  1.0000</r>
       <r>  -0.3020  1.0000</r>
       <r>  -0.2975  1.0000</r>
       <r>   0.3990  1.0000</r>
       <r>   0.4045  1.0000</r>
       <r>   1.4258  1.0000</r>
       <r>   2.2404  1.0000</r>
       <r>   2.2450  1.0000</r>
       <r>   2.3383  1.0000</r>
       <r>   2.3406  1.0000</r>
       <r>   2.9309  1.0000</r>
       <r>   2.9361  1.0000</r>
       <r>   2.9608  1.0000</r>
       <r>   3.2514  1.0000</r>
       <r>   3.5157  1.0000</r>
       <r>   3.5188  1.0000</r>
       <r>   3.8219  1.0000</r>
       <r>   3.8260  1.0000</r>
       <r>   4.0403  1.0000</r>
       <r>   4.0709  1.0000</r>
       <r>   4.0779  1.0000</r>
       <r>   5.3397  1.0000</r>
       <r>   6.8664  0.0000</r>
       <r>   7.5896  0.0000</r>
       <r>   7.5935  0.0000</r>
       <r>   7.8614  0.0000</r>
       <r>   7.8663  0.0000</r>
       <r>   8.2928  0.0000</r>
       <r>   8.2981  0.0000</r>
       <r>   8.6076  0.0000</r>
       <r>   8.6649  0.0000</r>
       <r>   8.6662  0.0000</r>
       <r>   8.7488  0.0000</r>
       <r>   8.7787  0.0000</r>
       <r>   8.7840  0.0000</r>
       <r>   8.9691  0.0000</r>
       <r>   9.2298  0.0000</r>
       <r>   9.2312  0.0000</r>
      </set>
      <set comment="kpoint 8">
       <r>  -5.4072  1.0000</r>
       <r>  -5.4071  1.0000</r>
       <r>  -3.5344  1.0000</r>
       <r>  -3.5261  1.0000</r>
       <r>  -3.5252  1.0000</r>
       <r>  -3.5252  1.0000</r>
       <r>  -3.5242  1.0000</r>
       <r>  -3.5160  1.0000</r>
       <r>  -0.7068  1.0000</r>
       <r>  -0.6978  1.0000</r>
       <r>  -0.6955  1.0000</r>
       <r>  -0.6955  1.0000</r>
       <r>  -0.6932  1.0000</r>
       <r>  -0.6842  1.0000</r>
       <r>   1.7433  1.0000</r>
       <r>   1.7434  1.0000</r>
       <r>   2.1589  1.0000</r>
       <r>   2.1633  1.0000</r>
       <r>   2.1648  1.0000</r>
       <r>   2.1648  1.0000</r>
       <r>   2.1664  1.0000</r>
       <r>   2.1708  1.0000</r>
       <r>   3.4646  1.0000</r>
       <r>   3.4692  1.0000</r>
       <r>   3.4695  1.0000</r>
       <r>   3.4695  1.0000</r>
       <r>   3.4698  1.0000</r>
       <r>   3.4744  1.0000</r>
       <r>   4.8790  1.0000</r>
       <r>   4.8869  1.0000</r>
       <r>   4.8873  1.0000</r>
       <r>   4.8954  1.0000</r>
       <r>   7.1698  0.0000</r>
       <r>   7.1765  0.0000</r>
       <r>   7.1769  0.0000</r>
       <r>   7.1769  0.0000</r>
       <r>   7.1773  0.0000</r>
       <r>   7.1838  0.0000</r>
       <r>   7.5994  0.0000</r>
       <r>   7.5994  0.0000</r>
       <r>   9.1198  0.0000</r>
       <r>   9.1278  0.0000</r>
       <r>   9.1296  0.0000</r>
       <r>   9.1376  0.0000</r>
       <r>  10.0669  0.0000</r>
       <r>  10.0690  0.0000</r>
       <r>  10.0720  0.0000</r>
       <r>  10.0739  0.0000</r>
      </set>
      <set comment="kpoint 9">
       <r>  -5.4639  1.0000</r>
       <r>  -4.9649  1.0000</r>
       <r>  -4.4319  1.0000</r>
       <r>  -4.0173  1.0000</r>
       <r>  -4.0126  1.0000</r>
       <r>  -3.3294  1.0000</r>
       <r>  -2.7920  1.0000</r>
       <r>  -2.7872  1.0000</r>
       <r>  -1.2508  1.0000</r>
       <r>  -1.2466  1.0000</r>
       <r>  -0.9418  1.0000</r>
       <r>  -0.1640  1.0000</r>
       <r>  -0.1591  1.0000</r>
       <r>   0.7170  1.0000</r>
       <r>   1.0490  1.0000</r>
       <r>   1.6573  1.0000</r>
       <r>   1.6590  1.0000</r>
       <r>   1.7162  1.0000</r>
       <r>   2.3690  1.0000</r>
       <r>   2.3726  1.0000</r>
       <r>   2.4246  1.0000</r>
       <r>   2.7342  1.0000</r>
       <r>   2.7367  1.0000</r>
       <r>   3.0140  1.0000</r>
       <r>   3.3645  1.0000</r>
       <r>   3.4657  1.0000</r>
       <r>   3.7416  1.0000</r>
       <r>   3.7486  1.0000</r>
       <r>   3.7793  1.0000</r>
       <r>   4.3394  1.0000</r>
       <r>   4.4107  1.0000</r>
       <r>   4.8675  1.0000</r>
       <r>   7.0040  0.0000</r>
       <r>   7.4893  0.0000</r>
       <r>   7.7802  0.0000</r>
       <r>   8.0304  0.0000</r>
       <r>   8.0348  0.0000</r>
       <r>   8.2953  0.0000</r>
       <r>   8.4996  0.0000</r>
       <r>   8.5048  0.0000</r>
       <r>   8.5411  0.0000</r>
       <r>   9.1687  0.0000</r>
       <r>   9.1753  0.0000</r>
       <r>   9.2644  0.0000</r>
       <r>   9.3032  0.0000</r>
       <r>   9.4734  0.0000</r>
       <r>   9.9054  0.0000</r>
       <r>   9.9100  0.0000</r>
      </set>
      <set comment="kpoint 10">
       <r>  -5.1322  1.0000</r>
       <r>  -5.1261  1.0000</r>
       <r>  -4.1914  1.0000</r>
       <r>  -4.1867  1.0000</r>
       <r>  -4.1856  1.0000</r>
       <r>  -4.1809  1.0000</r>
       <r>  -1.9693  1.0000</r>
       <r>  -1.9639  1.0000</r>
       <r>  -1.9639  1.0000</r>
       <r>  -1.9586  1.0000</r>
       <r>   0.1847  1.0000</r>
       <r>   0.1897  1.0000</r>
       <r>   0.1904  1.0000</r>
       <r>   0.1954  1.0000</r>
       <r>   1.8626  1.0000</r>
       <r>   1.8642  1.0000</r>
       <r>   1.8652  1.0000</r>
       <r>   1.8667  1.0000</r>
       <r>   1.9549  1.0000</r>
       <r>   1.9567  1.0000</r>
       <r>   1.9580  1.0000</r>
       <r>   1.9599  1.0000</r>
       <r>   2.1135  1.0000</r>
       <r>   2.1157  1.0000</r>
       <r>   3.7755  1.0000</r>
       <r>   3.7793  1.0000</r>
       <r>   3.7828  1.0000</r>
       <r>   3.7866  1.0000</r>
       <r>   4.3226  1.0000</r>
       <r>   4.3283  1.0000</r>
       <r>   4.3294  1.0000</r>
       <r>   4.3353  1.0000</r>
       <r>   6.7837  0.0000</r>
       <r>   6.7867  0.0000</r>
       <r>   8.0701  0.0000</r>
       <r>   8.0749  0.0000</r>
       <r>   8.0758  0.0000</r>
       <r>   8.0805  0.0000</r>
       <r>   8.7722  0.0000</r>
       <r>   8.7751  0.0000</r>
       <r>   9.9042  0.0000</r>
       <r>   9.9085  0.0000</r>
       <r>   9.9096  0.0000</r>
       <r>   9.9138  0.0000</r>
       <r>  10.3856  0.0000</r>
       <r>  10.3892  0.0000</r>
       <r>  10.3897  0.0000</r>
       <r>  10.3949  0.0000</r>
      </set>
      <set comment="kpoint 11">
       <r>  -5.9248  1.0000</r>
       <r>  -4.0675  1.0000</r>
       <r>  -4.0614  1.0000</r>
       <r>  -4.0614  1.0000</r>
       <r>  -4.0555  1.0000</r>
       <r>  -3.8389  1.0000</r>
       <r>  -2.0514  1.0000</r>
       <r>  -2.0456  1.0000</r>
       <r>  -2.0447  1.0000</r>
       <r>  -2.0390  1.0000</r>
       <r>  -0.6764  1.0000</r>
       <r>  -0.6703  1.0000</r>
       <r>  -0.6703  1.0000</r>
       <r>  -0.6643  1.0000</r>
       <r>  -0.0824  1.0000</r>
       <r>   2.2851  1.0000</r>
       <r>   2.2852  1.0000</r>
       <r>   2.2897  1.0000</r>
       <r>   2.2898  1.0000</r>
       <r>   3.0756  1.0000</r>
       <r>   3.0756  1.0000</r>
       <r>   3.2029  1.0000</r>
       <r>   3.2089  1.0000</r>
       <r>   3.2089  1.0000</r>
       <r>   3.2148  1.0000</r>
       <r>   4.2815  1.0000</r>
       <r>   4.3852  1.0000</r>
       <r>   4.3884  1.0000</r>
       <r>   4.3889  1.0000</r>
       <r>   4.3917  1.0000</r>
       <r>   4.8449  1.0000</r>
       <r>   4.8449  1.0000</r>
       <r>   6.2832  0.0000</r>
       <r>   7.2088  0.0000</r>
       <r>   7.6172  0.0000</r>
       <r>   7.6175  0.0000</r>
       <r>   7.6240  0.0000</r>
       <r>   7.6242  0.0000</r>
       <r>   7.6503  0.0000</r>
       <r>   7.9508  0.0000</r>
       <r>   7.9518  0.0000</r>
       <r>   7.9518  0.0000</r>
       <r>   7.9529  0.0000</r>
       <r>   9.2413  0.0000</r>
       <r>   9.2468  0.0000</r>
       <r>   9.2473  0.0000</r>
       <r>   9.2522  0.0000</r>
       <r>   9.3104  0.0000</r>
      </set>
      <set comment="kpoint 12">
       <r>  -5.9924  1.0000</r>
       <r>  -4.5303  1.0000</r>
       <r>  -3.8279  1.0000</r>
       <r>  -3.8236  1.0000</r>
       <r>  -3.8211  1.0000</r>
       <r>  -2.9620  1.0000</r>
       <r>  -2.9584  1.0000</r>
       <r>  -2.9555  1.0000</r>
       <r>  -1.1522  1.0000</r>
       <r>  -1.1499  1.0000</r>
       <r>  -1.1464  1.0000</r>
       <r>  -1.0329  1.0000</r>
       <r>  -1.0320  1.0000</r>
       <r>  -1.0266  1.0000</r>
       <r>  -0.2471  1.0000</r>
       <r>   2.2644  1.0000</r>
       <r>   2.2674  1.0000</r>
       <r>   2.2685  1.0000</r>
       <r>   3.0003  1.0000</r>
       <r>   3.0008  1.0000</r>
       <r>   3.0030  1.0000</r>
       <r>   3.3774  1.0000</r>
       <r>   3.3836  1.0000</r>
       <r>   3.3854  1.0000</r>
       <r>   4.0378  1.0000</r>
       <r>   4.0992  1.0000</r>
       <r>   4.1000  1.0000</r>
       <r>   4.1033  1.0000</r>
       <r>   4.5625  1.0000</r>
       <r>   4.5670  1.0000</r>
       <r>   5.3501  1.0000</r>
       <r>   5.3552  1.0000</r>
       <r>   6.5628  0.0000</r>
       <r>   6.5667  0.0000</r>
       <r>   6.5675  0.0000</r>
       <r>   7.2362  0.0000</r>
       <r>   7.6163  0.0000</r>
       <r>   7.6185  0.0000</r>
       <r>   7.6226  0.0000</r>
       <r>   7.8010  0.0000</r>
       <r>   7.8019  0.0000</r>
       <r>   7.8050  0.0000</r>
       <r>   8.0842  0.0000</r>
       <r>   8.6069  0.0000</r>
       <r>   8.6102  0.0000</r>
       <r>   9.0910  0.0000</r>
       <r>   9.0969  0.0000</r>
       <r>   9.1277  0.0000</r>
      </set>
      <set comment="kpoint 13">
       <r>  -5.6619  1.0000</r>
       <r>  -4.6650  1.0000</r>
       <r>  -4.6636  1.0000</r>
       <r>  -3.6454  1.0000</r>
       <r>  -3.6451  1.0000</r>
       <r>  -3.3800  1.0000</r>
       <r>  -3.3799  1.0000</r>
       <r>  -2.5339  1.0000</r>
       <r>  -1.5363  1.0000</r>
       <r>  -1.0807  1.0000</r>
       <r>  -1.0807  1.0000</r>
       <r>  -0.2978  1.0000</r>
       <r>  -0.2978  1.0000</r>
       <r>   0.3970  1.0000</r>
       <r>   0.4042  1.0000</r>
       <r>   1.4247  1.0000</r>
       <r>   2.2403  1.0000</r>
       <r>   2.2404  1.0000</r>
       <r>   2.3393  1.0000</r>
       <r>   2.3394  1.0000</r>
       <r>   2.9317  1.0000</r>
       <r>   2.9320  1.0000</r>
       <r>   2.9578  1.0000</r>
       <r>   3.2531  1.0000</r>
       <r>   3.5185  1.0000</r>
       <r>   3.5185  1.0000</r>
       <r>   3.8187  1.0000</r>
       <r>   3.8263  1.0000</r>
       <r>   4.0411  1.0000</r>
       <r>   4.0758  1.0000</r>
       <r>   4.0771  1.0000</r>
       <r>   5.3434  1.0000</r>
       <r>   6.8686  0.0000</r>
       <r>   7.5922  0.0000</r>
       <r>   7.5922  0.0000</r>
       <r>   7.8647  0.0000</r>
       <r>   7.8661  0.0000</r>
       <r>   8.2953  0.0000</r>
       <r>   8.2953  0.0000</r>
       <r>   8.6087  0.0000</r>
       <r>   8.6637  0.0000</r>
       <r>   8.6638  0.0000</r>
       <r>   8.7459  0.0000</r>
       <r>   8.7829  0.0000</r>
       <r>   8.7832  0.0000</r>
       <r>   8.9707  0.0000</r>
       <r>   9.2316  0.0000</r>
       <r>   9.2325  0.0000</r>
      </set>
      <set comment="kpoint 14">
       <r>  -5.4642  1.0000</r>
       <r>  -4.9650  1.0000</r>
       <r>  -4.4312  1.0000</r>
       <r>  -4.0156  1.0000</r>
       <r>  -4.0156  1.0000</r>
       <r>  -3.3262  1.0000</r>
       <r>  -2.7899  1.0000</r>
       <r>  -2.7899  1.0000</r>
       <r>  -1.2484  1.0000</r>
       <r>  -1.2481  1.0000</r>
       <r>  -0.9492  1.0000</r>
       <r>  -0.1598  1.0000</r>
       <r>  -0.1596  1.0000</r>
       <r>   0.7123  1.0000</r>
       <r>   1.0503  1.0000</r>
       <r>   1.6585  1.0000</r>
       <r>   1.6594  1.0000</r>
       <r>   1.7187  1.0000</r>
       <r>   2.3729  1.0000</r>
       <r>   2.3738  1.0000</r>
       <r>   2.4297  1.0000</r>
       <r>   2.7342  1.0000</r>
       <r>   2.7354  1.0000</r>
       <r>   3.0173  1.0000</r>
       <r>   3.3607  1.0000</r>
       <r>   3.4671  1.0000</r>
       <r>   3.7401  1.0000</r>
       <r>   3.7414  1.0000</r>
       <r>   3.7811  1.0000</r>
       <r>   4.3423  1.0000</r>
       <r>   4.4018  1.0000</r>
       <r>   4.8714  1.0000</r>
       <r>   7.0049  0.0000</r>
       <r>   7.4915  0.0000</r>
       <r>   7.7807  0.0000</r>
       <r>   8.0289  0.0000</r>
       <r>   8.0290  0.0000</r>
       <r>   8.2952  0.0000</r>
       <r>   8.5001  0.0000</r>
       <r>   8.5020  0.0000</r>
       <r>   8.5396  0.0000</r>
       <r>   9.1675  0.0000</r>
       <r>   9.1693  0.0000</r>
       <r>   9.2674  0.0000</r>
       <r>   9.2966  0.0000</r>
       <r>   9.4750  0.0000</r>
       <r>   9.9107  0.0000</r>
       <r>   9.9116  0.0000</r>
      </set>
      <set comment="kpoint 15">
       <r>  -5.4640  1.0000</r>
       <r>  -4.9647  1.0000</r>
       <r>  -4.4317  1.0000</r>
       <r>  -4.0186  1.0000</r>
       <r>  -4.0126  1.0000</r>
       <r>  -3.3275  1.0000</r>
       <r>  -2.7927  1.0000</r>
       <r>  -2.7874  1.0000</r>
       <r>  -1.2518  1.0000</r>
       <r>  -1.2438  1.0000</r>
       <r>  -0.9460  1.0000</r>
       <r>  -0.1642  1.0000</r>
       <r>  -0.1545  1.0000</r>
       <r>   0.7153  1.0000</r>
       <r>   1.0479  1.0000</r>
       <r>   1.6563  1.0000</r>
       <r>   1.6589  1.0000</r>
       <r>   1.7168  1.0000</r>
       <r>   2.3689  1.0000</r>
       <r>   2.3742  1.0000</r>
       <r>   2.4260  1.0000</r>
       <r>   2.7331  1.0000</r>
       <r>   2.7381  1.0000</r>
       <r>   3.0140  1.0000</r>
       <r>   3.3630  1.0000</r>
       <r>   3.4675  1.0000</r>
       <r>   3.7403  1.0000</r>
       <r>   3.7440  1.0000</r>
       <r>   3.7814  1.0000</r>
       <r>   4.3418  1.0000</r>
       <r>   4.4066  1.0000</r>
       <r>   4.8709  1.0000</r>
       <r>   7.0052  0.0000</r>
       <r>   7.4915  0.0000</r>
       <r>   7.7809  0.0000</r>
       <r>   8.0281  0.0000</r>
       <r>   8.0346  0.0000</r>
       <r>   8.2960  0.0000</r>
       <r>   8.4986  0.0000</r>
       <r>   8.5061  0.0000</r>
       <r>   8.5397  0.0000</r>
       <r>   9.1677  0.0000</r>
       <r>   9.1707  0.0000</r>
       <r>   9.2658  0.0000</r>
       <r>   9.2995  0.0000</r>
       <r>   9.4754  0.0000</r>
       <r>   9.9048  0.0000</r>
       <r>   9.9122  0.0000</r>
      </set>
      <set comment="kpoint 16">
       <r>  -5.6617  1.0000</r>
       <r>  -4.6670  1.0000</r>
       <r>  -4.6611  1.0000</r>
       <r>  -3.6481  1.0000</r>
       <r>  -3.6434  1.0000</r>
       <r>  -3.3834  1.0000</r>
       <r>  -3.3784  1.0000</r>
       <r>  -2.5317  1.0000</r>
       <r>  -1.5390  1.0000</r>
       <r>  -1.0811  1.0000</r>
       <r>  -1.0762  1.0000</r>
       <r>  -0.2982  1.0000</r>
       <r>  -0.2936  1.0000</r>
       <r>   0.3967  1.0000</r>
       <r>   0.4022  1.0000</r>
       <r>   1.4235  1.0000</r>
       <r>   2.2358  1.0000</r>
       <r>   2.2406  1.0000</r>
       <r>   2.3380  1.0000</r>
       <r>   2.3404  1.0000</r>
       <r>   2.9276  1.0000</r>
       <r>   2.9330  1.0000</r>
       <r>   2.9546  1.0000</r>
       <r>   3.2548  1.0000</r>
       <r>   3.5182  1.0000</r>
       <r>   3.5213  1.0000</r>
       <r>   3.8190  1.0000</r>
       <r>   3.8231  1.0000</r>
       <r>   4.0413  1.0000</r>
       <r>   4.0750  1.0000</r>
       <r>   4.0826  1.0000</r>
       <r>   5.3472  1.0000</r>
       <r>   6.8708  0.0000</r>
       <r>   7.5909  0.0000</r>
       <r>   7.5948  0.0000</r>
       <r>   7.8645  0.0000</r>
       <r>   7.8693  0.0000</r>
       <r>   8.2924  0.0000</r>
       <r>   8.2978  0.0000</r>
       <r>   8.6095  0.0000</r>
       <r>   8.6611  0.0000</r>
       <r>   8.6628  0.0000</r>
       <r>   8.7438  0.0000</r>
       <r>   8.7819  0.0000</r>
       <r>   8.7870  0.0000</r>
       <r>   8.9723  0.0000</r>
       <r>   9.2329  0.0000</r>
       <r>   9.2344  0.0000</r>
      </set>
      <set comment="kpoint 17">
       <r>  -5.4639  1.0000</r>
       <r>  -4.9642  1.0000</r>
       <r>  -4.4318  1.0000</r>
       <r>  -4.0186  1.0000</r>
       <r>  -4.0139  1.0000</r>
       <r>  -3.3268  1.0000</r>
       <r>  -2.7931  1.0000</r>
       <r>  -2.7883  1.0000</r>
       <r>  -1.2485  1.0000</r>
       <r>  -1.2444  1.0000</r>
       <r>  -0.9471  1.0000</r>
       <r>  -0.1592  1.0000</r>
       <r>  -0.1542  1.0000</r>
       <r>   0.7164  1.0000</r>
       <r>   1.0445  1.0000</r>
       <r>   1.6545  1.0000</r>
       <r>   1.6571  1.0000</r>
       <r>   1.7152  1.0000</r>
       <r>   2.3693  1.0000</r>
       <r>   2.3723  1.0000</r>
       <r>   2.4232  1.0000</r>
       <r>   2.7353  1.0000</r>
       <r>   2.7381  1.0000</r>
       <r>   3.0107  1.0000</r>
       <r>   3.3638  1.0000</r>
       <r>   3.4692  1.0000</r>
       <r>   3.7380  1.0000</r>
       <r>   3.7433  1.0000</r>
       <r>   3.7836  1.0000</r>
       <r>   4.3439  1.0000</r>
       <r>   4.4073  1.0000</r>
       <r>   4.8737  1.0000</r>
       <r>   7.0068  0.0000</r>
       <r>   7.4940  0.0000</r>
       <r>   7.7818  0.0000</r>
       <r>   8.0305  0.0000</r>
       <r>   8.0347  0.0000</r>
       <r>   8.2976  0.0000</r>
       <r>   8.5016  0.0000</r>
       <r>   8.5055  0.0000</r>
       <r>   8.5387  0.0000</r>
       <r>   9.1643  0.0000</r>
       <r>   9.1696  0.0000</r>
       <r>   9.2661  0.0000</r>
       <r>   9.2985  0.0000</r>
       <r>   9.4777  0.0000</r>
       <r>   9.9047  0.0000</r>
       <r>   9.9088  0.0000</r>
      </set>
      <set comment="kpoint 18">
       <r>  -4.8921  1.0000</r>
       <r>  -4.8865  1.0000</r>
       <r>  -4.8864  1.0000</r>
       <r>  -4.8808  1.0000</r>
       <r>  -3.1404  1.0000</r>
       <r>  -3.1345  1.0000</r>
       <r>  -3.1340  1.0000</r>
       <r>  -3.1282  1.0000</r>
       <r>  -0.8948  1.0000</r>
       <r>  -0.8906  1.0000</r>
       <r>  -0.8885  1.0000</r>
       <r>  -0.8843  1.0000</r>
       <r>   1.3574  1.0000</r>
       <r>   1.3626  1.0000</r>
       <r>   1.3632  1.0000</r>
       <r>   1.3680  1.0000</r>
       <r>   1.4913  1.0000</r>
       <r>   1.4942  1.0000</r>
       <r>   1.4960  1.0000</r>
       <r>   1.4989  1.0000</r>
       <r>   2.9716  1.0000</r>
       <r>   2.9756  1.0000</r>
       <r>   2.9767  1.0000</r>
       <r>   2.9805  1.0000</r>
       <r>   3.0996  1.0000</r>
       <r>   3.1007  1.0000</r>
       <r>   3.1056  1.0000</r>
       <r>   3.1067  1.0000</r>
       <r>   4.2256  1.0000</r>
       <r>   4.2308  1.0000</r>
       <r>   4.2310  1.0000</r>
       <r>   4.2364  1.0000</r>
       <r>   8.0759  0.0000</r>
       <r>   8.0795  0.0000</r>
       <r>   8.0811  0.0000</r>
       <r>   8.0846  0.0000</r>
       <r>   8.4976  0.0000</r>
       <r>   8.5014  0.0000</r>
       <r>   8.5028  0.0000</r>
       <r>   8.5066  0.0000</r>
       <r>   9.4662  0.0000</r>
       <r>   9.4682  0.0000</r>
       <r>   9.4695  0.0000</r>
       <r>   9.4716  0.0000</r>
       <r>   9.8376  0.0000</r>
       <r>   9.8424  0.0000</r>
       <r>   9.8426  0.0000</r>
       <r>   9.8475  0.0000</r>
      </set>
      <set comment="kpoint 19">
       <r>  -5.6618  1.0000</r>
       <r>  -4.6644  1.0000</r>
       <r>  -4.6643  1.0000</r>
       <r>  -3.6483  1.0000</r>
       <r>  -3.6420  1.0000</r>
       <r>  -3.3822  1.0000</r>
       <r>  -3.3778  1.0000</r>
       <r>  -2.5339  1.0000</r>
       <r>  -1.5362  1.0000</r>
       <r>  -1.0853  1.0000</r>
       <r>  -1.0762  1.0000</r>
       <r>  -0.3023  1.0000</r>
       <r>  -0.2933  1.0000</r>
       <r>   0.4006  1.0000</r>
       <r>   0.4006  1.0000</r>
       <r>   1.4246  1.0000</r>
       <r>   2.2402  1.0000</r>
       <r>   2.2408  1.0000</r>
       <r>   2.3382  1.0000</r>
       <r>   2.3404  1.0000</r>
       <r>   2.9299  1.0000</r>
       <r>   2.9341  1.0000</r>
       <r>   2.9576  1.0000</r>
       <r>   3.2532  1.0000</r>
       <r>   3.5155  1.0000</r>
       <r>   3.5213  1.0000</r>
       <r>   3.8225  1.0000</r>
       <r>   3.8225  1.0000</r>
       <r>   4.0402  1.0000</r>
       <r>   4.0765  1.0000</r>
       <r>   4.0774  1.0000</r>
       <r>   5.3435  1.0000</r>
       <r>   6.8686  0.0000</r>
       <r>   7.5885  0.0000</r>
       <r>   7.5959  0.0000</r>
       <r>   7.8652  0.0000</r>
       <r>   7.8654  0.0000</r>
       <r>   8.2944  0.0000</r>
       <r>   8.2962  0.0000</r>
       <r>   8.6085  0.0000</r>
       <r>   8.6634  0.0000</r>
       <r>   8.6641  0.0000</r>
       <r>   8.7463  0.0000</r>
       <r>   8.7793  0.0000</r>
       <r>   8.7864  0.0000</r>
       <r>   8.9708  0.0000</r>
       <r>   9.2321  0.0000</r>
       <r>   9.2321  0.0000</r>
      </set>
      <set comment="kpoint 20">
       <r>  -5.4640  1.0000</r>
       <r>  -4.9645  1.0000</r>
       <r>  -4.4314  1.0000</r>
       <r>  -4.0186  1.0000</r>
       <r>  -4.0139  1.0000</r>
       <r>  -3.3256  1.0000</r>
       <r>  -2.7929  1.0000</r>
       <r>  -2.7882  1.0000</r>
       <r>  -1.2490  1.0000</r>
       <r>  -1.2449  1.0000</r>
       <r>  -0.9502  1.0000</r>
       <r>  -0.1596  1.0000</r>
       <r>  -0.1546  1.0000</r>
       <r>   0.7135  1.0000</r>
       <r>   1.0469  1.0000</r>
       <r>   1.6563  1.0000</r>
       <r>   1.6580  1.0000</r>
       <r>   1.7171  1.0000</r>
       <r>   2.3708  1.0000</r>
       <r>   2.3744  1.0000</r>
       <r>   2.4269  1.0000</r>
       <r>   2.7346  1.0000</r>
       <r>   2.7371  1.0000</r>
       <r>   3.0140  1.0000</r>
       <r>   3.3616  1.0000</r>
       <r>   3.4690  1.0000</r>
       <r>   3.7357  1.0000</r>
       <r>   3.7426  1.0000</r>
       <r>   3.7832  1.0000</r>
       <r>   4.3444  1.0000</r>
       <r>   4.4025  1.0000</r>
       <r>   4.8743  1.0000</r>
       <r>   7.0065  0.0000</r>
       <r>   7.4938  0.0000</r>
       <r>   7.7816  0.0000</r>
       <r>   8.0279  0.0000</r>
       <r>   8.0324  0.0000</r>
       <r>   8.2968  0.0000</r>
       <r>   8.4999  0.0000</r>
       <r>   8.5050  0.0000</r>
       <r>   8.5382  0.0000</r>
       <r>   9.1630  0.0000</r>
       <r>   9.1697  0.0000</r>
       <r>   9.2673  0.0000</r>
       <r>   9.2957  0.0000</r>
       <r>   9.4773  0.0000</r>
       <r>   9.9071  0.0000</r>
       <r>   9.9117  0.0000</r>
      </set>
      <set comment="kpoint 21">
       <r>  -4.8930  1.0000</r>
       <r>  -4.8869  1.0000</r>
       <r>  -4.8859  1.0000</r>
       <r>  -4.8800  1.0000</r>
       <r>  -3.1390  1.0000</r>
       <r>  -3.1351  1.0000</r>
       <r>  -3.1334  1.0000</r>
       <r>  -3.1296  1.0000</r>
       <r>  -0.8957  1.0000</r>
       <r>  -0.8902  1.0000</r>
       <r>  -0.8889  1.0000</r>
       <r>  -0.8834  1.0000</r>
       <r>   1.3577  1.0000</r>
       <r>   1.3623  1.0000</r>
       <r>   1.3634  1.0000</r>
       <r>   1.3678  1.0000</r>
       <r>   1.4926  1.0000</r>
       <r>   1.4938  1.0000</r>
       <r>   1.4962  1.0000</r>
       <r>   1.4978  1.0000</r>
       <r>   2.9744  1.0000</r>
       <r>   2.9756  1.0000</r>
       <r>   2.9767  1.0000</r>
       <r>   2.9779  1.0000</r>
       <r>   3.0996  1.0000</r>
       <r>   3.1020  1.0000</r>
       <r>   3.1041  1.0000</r>
       <r>   3.1066  1.0000</r>
       <r>   4.2238  1.0000</r>
       <r>   4.2298  1.0000</r>
       <r>   4.2321  1.0000</r>
       <r>   4.2382  1.0000</r>
       <r>   8.0766  0.0000</r>
       <r>   8.0802  0.0000</r>
       <r>   8.0804  0.0000</r>
       <r>   8.0838  0.0000</r>
       <r>   8.4980  0.0000</r>
       <r>   8.5012  0.0000</r>
       <r>   8.5029  0.0000</r>
       <r>   8.5062  0.0000</r>
       <r>   9.4661  0.0000</r>
       <r>   9.4670  0.0000</r>
       <r>   9.4708  0.0000</r>
       <r>   9.4717  0.0000</r>
       <r>   9.8359  0.0000</r>
       <r>   9.8411  0.0000</r>
       <r>   9.8438  0.0000</r>
       <r>   9.8490  0.0000</r>
      </set>
      <set comment="kpoint 22">
       <r>  -5.1292  1.0000</r>
       <r>  -5.1291  1.0000</r>
       <r>  -4.1926  1.0000</r>
       <r>  -4.1861  1.0000</r>
       <r>  -4.1861  1.0000</r>
       <r>  -4.1797  1.0000</r>
       <r>  -1.9700  1.0000</r>
       <r>  -1.9639  1.0000</r>
       <r>  -1.9639  1.0000</r>
       <r>  -1.9578  1.0000</r>
       <r>   0.1851  1.0000</r>
       <r>   0.1900  1.0000</r>
       <r>   0.1901  1.0000</r>
       <r>   0.1950  1.0000</r>
       <r>   1.8617  1.0000</r>
       <r>   1.8638  1.0000</r>
       <r>   1.8653  1.0000</r>
       <r>   1.8675  1.0000</r>
       <r>   1.9550  1.0000</r>
       <r>   1.9574  1.0000</r>
       <r>   1.9575  1.0000</r>
       <r>   1.9596  1.0000</r>
       <r>   2.1145  1.0000</r>
       <r>   2.1148  1.0000</r>
       <r>   3.7810  1.0000</r>
       <r>   3.7811  1.0000</r>
       <r>   3.7811  1.0000</r>
       <r>   3.7812  1.0000</r>
       <r>   4.3252  1.0000</r>
       <r>   4.3289  1.0000</r>
       <r>   4.3290  1.0000</r>
       <r>   4.3326  1.0000</r>
       <r>   6.7852  0.0000</r>
       <r>   6.7852  0.0000</r>
       <r>   8.0736  0.0000</r>
       <r>   8.0752  0.0000</r>
       <r>   8.0753  0.0000</r>
       <r>   8.0770  0.0000</r>
       <r>   8.7735  0.0000</r>
       <r>   8.7736  0.0000</r>
       <r>   9.9034  0.0000</r>
       <r>   9.9081  0.0000</r>
       <r>   9.9099  0.0000</r>
       <r>   9.9146  0.0000</r>
       <r>  10.3844  0.0000</r>
       <r>  10.3892  0.0000</r>
       <r>  10.3898  0.0000</r>
       <r>  10.3943  0.0000</r>
      </set>
      <set comment="kpoint 23">
       <r>  -5.4638  1.0000</r>
       <r>  -4.9644  1.0000</r>
       <r>  -4.4320  1.0000</r>
       <r>  -4.0157  1.0000</r>
       <r>  -4.0156  1.0000</r>
       <r>  -3.3287  1.0000</r>
       <r>  -2.7902  1.0000</r>
       <r>  -2.7902  1.0000</r>
       <r>  -1.2474  1.0000</r>
       <r>  -1.2472  1.0000</r>
       <r>  -0.9429  1.0000</r>
       <r>  -0.1590  1.0000</r>
       <r>  -0.1588  1.0000</r>
       <r>   0.7181  1.0000</r>
       <r>   1.0457  1.0000</r>
       <r>   1.6558  1.0000</r>
       <r>   1.6569  1.0000</r>
       <r>   1.7145  1.0000</r>
       <r>   2.3692  1.0000</r>
       <r>   2.3706  1.0000</r>
       <r>   2.4221  1.0000</r>
       <r>   2.7360  1.0000</r>
       <r>   2.7370  1.0000</r>
       <r>   3.0108  1.0000</r>
       <r>   3.3652  1.0000</r>
       <r>   3.4676  1.0000</r>
       <r>   3.7427  1.0000</r>
       <r>   3.7445  1.0000</r>
       <r>   3.7816  1.0000</r>
       <r>   4.3415  1.0000</r>
       <r>   4.4114  1.0000</r>
       <r>   4.8702  1.0000</r>
       <r>   7.0056  0.0000</r>
       <r>   7.4917  0.0000</r>
       <r>   7.7811  0.0000</r>
       <r>   8.0336  0.0000</r>
       <r>   8.0339  0.0000</r>
       <r>   8.2969  0.0000</r>
       <r>   8.5018  0.0000</r>
       <r>   8.5048  0.0000</r>
       <r>   8.5404  0.0000</r>
       <r>   9.1691  0.0000</r>
       <r>   9.1702  0.0000</r>
       <r>   9.2648  0.0000</r>
       <r>   9.3022  0.0000</r>
       <r>   9.4757  0.0000</r>
       <r>   9.9055  0.0000</r>
       <r>   9.9063  0.0000</r>
      </set>
      <set comment="kpoint 24">
       <r>  -5.4102  1.0000</r>
       <r>  -5.4034  1.0000</r>
       <r>  -3.5353  1.0000</r>
       <r>  -3.5264  1.0000</r>
       <r>  -3.5260  1.0000</r>
       <r>  -3.5246  1.0000</r>
       <r>  -3.5241  1.0000</r>
       <r>  -3.5178  1.0000</r>
       <r>  -0.6976  1.0000</r>
       <r>  -0.6967  1.0000</r>
       <r>  -0.6966  1.0000</r>
       <r>  -0.6942  1.0000</r>
       <r>  -0.6932  1.0000</r>
       <r>  -0.6840  1.0000</r>
       <r>   1.7376  1.0000</r>
       <r>   1.7430  1.0000</r>
       <r>   2.1524  1.0000</r>
       <r>   2.1600  1.0000</r>
       <r>   2.1623  1.0000</r>
       <r>   2.1649  1.0000</r>
       <r>   2.1662  1.0000</r>
       <r>   2.1663  1.0000</r>
       <r>   3.4662  1.0000</r>
       <r>   3.4667  1.0000</r>
       <r>   3.4683  1.0000</r>
       <r>   3.4715  1.0000</r>
       <r>   3.4737  1.0000</r>
       <r>   3.4790  1.0000</r>
       <r>   4.8847  1.0000</r>
       <r>   4.8848  1.0000</r>
       <r>   4.8877  1.0000</r>
       <r>   4.8970  1.0000</r>
       <r>   7.1742  0.0000</r>
       <r>   7.1752  0.0000</r>
       <r>   7.1759  0.0000</r>
       <r>   7.1773  0.0000</r>
       <r>   7.1840  0.0000</r>
       <r>   7.1846  0.0000</r>
       <r>   7.5974  0.0000</r>
       <r>   7.6047  0.0000</r>
       <r>   9.1270  0.0000</r>
       <r>   9.1270  0.0000</r>
       <r>   9.1281  0.0000</r>
       <r>   9.1373  0.0000</r>
       <r>  10.0650  0.0000</r>
       <r>  10.0695  0.0000</r>
       <r>  10.0713  0.0000</r>
       <r>  10.0743  0.0000</r>
      </set>
     </set>
    </set>
   </array>
  </eigenvalues>
 </calculation>
 <structure name="finalpos" >
  <crystal>
   <varray name="basis" >
    <v>       0.00000000       5.46619884       5.46619884 </v>
    <v>       5.46619884       0.00000000       5.46619884 </v>
    <v>       5.46619884       5.46619884       0.00000000 </v>
   </varray>
   <i name="volume">    326.65271601</i>
   <varray name="rec_basis" >
    <v>      -0.09147124       0.09147124       0.09147124 </v>
    <v>       0.09147124      -0.09147124       0.09147124 </v>
    <v>       0.09147124       0.09147124      -0.09147124 </v>
   </varray>
  </crystal>
  <varray name="positions" >
   <v>       0.43879360       0.43750000       0.43750000 </v>
   <v>       0.93750000       0.43750000       0.43750000 </v>
   <v>       0.43750000       0.93750000       0.43750000 </v>
   <v>       0.93750000       0.93750000       0.43750000 </v>
   <v>       0.43750000       0.43750000       0.93750000 </v>
   <v>       0.93750000       0.43750000       0.93750000 </v>
   <v>       0.43750000       0.93750000       0.93750000 </v>
   <v>       0.93750000       0.93750000       0.93750000 </v>
   <v>       0.06250000       0.06250000       0.06250000 </v>
   <v>       0.56250000       0.06250000       0.06250000 </v>
   <v>       0.06250000       0.56250000       0.06250000 </v>
   <v>       0.56250000       0.56250000       0.06250000 </v>
   <v>       0.06250000       0.06250000       0.56250000 </v>
   <v>       0.56250000       0.06250000       0.56250000 </v>
   <v>       0.06250000       0.56250000       0.56250000 </v>
   <v>       0.56250000       0.56250000       0.56250000 </v>
  </varray>
 </structure>
</modeling>
